"pointid","xcoord","ycoord"
1,-1547294.1528,2650034.0797
2,-1549287.4866,2649550.5184
3,-1546823.6149,2649805.3186
4,-1544442.5133,2649329.7051
5,-1546540.6331,2649596.5322
6,-1552693.1693,2634094.0848
7,-1549412.5476,2637027.6629
8,-1552965.0941,2633644.8024
9,-1555128.4789,2631884.9713
10,-1554166.7085,2629576.9223
11,-1552822.5633,2628172.5704
12,-1549403.2333,2556153.4516
13,-1549152.4091,2556853.2499
14,-1549832.0145,2555504.486
15,-1550739.4864,2553972.6444
16,-1551915.9494,2552736.1988
17,-1552361.4177,2552168.1702
18,-1552907.4692,2550875.1707
19,-1551202.4747,2549046.0742
20,-1547564.2771,2569668.6034
21,-1547742.272,2569573.2327
22,-1530001.8136,2612301.6821
23,-1530548.4305,2613296.5553
24,-1532343.2398,2615351.7101
25,-1528734.734,2611852.1805
26,-1528664.1543,2612923.4558
27,-1529563.1992,2617232.5054
28,-1552643.9931,2617058.5051
29,-1544815.2079,2616173.2081
30,-1545005.5992,2615103.351
31,-1535885.8161,2597472.2133
32,-1534993.1604,2599029.8943
33,-1546534.8061,2600756.9216
34,-1547686.57,2599603.7736
35,-1547704.5502,2600450.2439
36,-1551686.1067,2600898.0829
37,-1550190.2507,2599990.0932
38,-1548994.0178,2599981.8819
39,-1547566.6103,2599336.2844
40,-1534210.681,2596795.3151
41,-1532718.2715,2598259.0241
42,-1548694.2399,2599509.8268
43,-1510989.6296,2592308.7322
44,-1511441.128,2593624.9924
45,-1540784.9691,2600113.9601
46,-1541481.2091,2598009.0865
47,-1535411.7326,2596752.1754
48,-1534549.6216,2598560.5721
49,-1533706.8684,2596404.5286
50,-1532686.2344,2596984.1206
51,-1534311.8587,2596223.6095
52,-1518187.6282,2593279.1938
53,-1518825.6049,2595747.3335
54,-1518502.9107,2593331.4797
55,-1519168.0363,2595087.2293
56,-1540200.154,2598800.5984
57,-1541544.763,2597668.8603
58,-1535982.537,2595631.5446
59,-1538356.9537,2594523.1913
60,-1510545.0056,2589338.0693
61,-1510130.6016,2589050.2992
62,-1547645.1431,2625766.0406
63,-1546850.1829,2626322.9534
64,-1553465.9873,2598808.2718
65,-1553187.653,2598725.8532
66,-1516023.6387,2588378.3329
67,-1515401.1398,2588268.4444
68,-1522944.8191,2585121.2776
69,-1523686.6717,2585852.4502
70,-1545686.0519,2565776.4453
71,-1545281.2387,2567478.6458
72,-1535011.508,2556763.2397
73,-1534998.7666,2556984.606
74,-1517252.5651,2643588.189
75,-1517212.4503,2643950.6076
76,-1517200.2076,2644082.742
77,-1518241.9659,2641742.0226
78,-1518137.6949,2642277.4675
79,-1517760.6668,2642578.4657
80,-1518373.4687,2641424.1676
81,-1518235.8478,2640566.7752
82,-1517290.5155,2639242.2153
83,-1517221.3162,2639002.5031
84,-1517278.216,2638922.9208
85,-1517075.4183,2636469.3581
86,-1517056.0369,2636535.9698
87,-1517048.6099,2636310.3411
88,-1516976.5099,2636231.2864
89,-1516465.965,2634168.1113
90,-1516199.1986,2633591.0095
91,-1516399.6341,2632723.2445
92,-1516425.4959,2632798.8116
93,-1552018.0023,2614743.6241
94,-1549448.2933,2615401.0304
95,-1553366.4138,2614312.1104
96,-1553733.6631,2614293.7664
97,-1554283.6831,2614463.6122
98,-1556780.7393,2616019.5724
99,-1540799.484,2608175.1814
100,-1540162.4471,2608738.3173
101,-1540899.9154,2607759.5454
102,-1541906.7163,2606222.3953
103,-1512519.9569,2588189.3248
104,-1513644.9988,2589288.2238
105,-1511875.2238,2587295.692
106,-1511070.4345,2587178.993
107,-1508569.164,2586447.5156
108,-1533664.1302,2609430.785
109,-1534211.6842,2610289.2431
110,-1533391.2401,2608557.4817
111,-1533675.1021,2607694.4898
112,-1533636.0774,2604689.4624
113,-1527775.3205,2596623.332
114,-1527693.4053,2597352.6068
115,-1529799.8047,2593743.1617
116,-1545785.2084,2559598.8747
117,-1548473.9776,2561321.729
118,-1545420.357,2558723.0894
119,-1542980.7909,2558240.702
120,-1539655.3934,2563331.8376
121,-1535826.0949,2566042.0788
122,-1534449.4272,2558721.6485
123,-1535292.4199,2559881.9792
124,-1534349.0496,2557952.1462
125,-1553835.412,2583225.157
126,-1553508.3052,2583044.0019
127,-1523588.6216,2577285.0034
128,-1524058.2499,2577668.5345
129,-1553466.0218,2582606.1531
130,-1538807.3226,2579801.1082
131,-1540509.9885,2580251.9733
132,-1543925.4872,2581213.8571
133,-1544503.7975,2580865.3944
134,-1535071.9451,2579154.5153
135,-1532771.1235,2578996.3901
136,-1548858.559,2581438.9956
137,-1544780.5612,2582965.0311
138,-1530868.7125,2577212.9645
139,-1530903.1259,2577955.4834
140,-1530585.8905,2579262.9971
141,-1524807.034,2576794.5322
142,-1526323.4511,2578546.7015
143,-1550723.4155,2581492.4334
144,-1550269.1337,2583711.9241
145,-1525500.5794,2576733.6091
146,-1541343.4058,2582215.8854
147,-1544247.1999,2580140.0142
148,-1528858.7801,2577112.3826
149,-1530895.6016,2580320.8599
150,-1539462.9048,2581742.6042
151,-1543039.784,2579779.2591
152,-1542599.7608,2580284.9574
153,-1544140.8874,2556765.745
154,-1516379.499,2632646.7096
155,-1516926.2355,2631210.0673
156,-1517222.9096,2630967.5594
157,-1517296.3754,2630949.4388
158,-1518819.2086,2630496.1657
159,-1518963.1079,2630315.6251
160,-1518876.2401,2630433.5176
161,-1519004.6541,2630301.2122
162,-1519897.05,2630381.3288
163,-1520494.2296,2630126.5071
164,-1521408.3182,2629389.961
165,-1522514.8613,2628376.8496
166,-1523077.3471,2628128.3326
167,-1523080.6925,2628062.3403
168,-1524054.1393,2626768.4266
169,-1524539.1087,2626010.1173
170,-1524678.7303,2625924.8336
171,-1525378.9701,2624074.1704
172,-1527833.5258,2624913.4307
173,-1529077.4545,2626184.19
174,-1529163.8604,2626230.4646
175,-1530072.8565,2627111.431
176,-1533099.4782,2627597.098
177,-1534405.8208,2626995.6532
178,-1536386.0162,2625497.3029
179,-1526955.5371,2622472.7389
180,-1527351.913,2621270.3128
181,-1527770.7615,2621100.3337
182,-1527954.9116,2621039.5111
183,-1528032.7907,2620939.1974
184,-1528050.028,2619020.1415
185,-1529140.1732,2618590.3836
186,-1529774.7228,2617952.2089
187,-1530610.1025,2616554.5473
188,-1530737.0585,2616305.2688
189,-1531432.0712,2616143.8603
190,-1534057.7065,2620483.4146
191,-1534191.7802,2620623.8599
192,-1534432.7019,2621711.1824
193,-1537587.0973,2625004.1256
194,-1532421.5263,2615238.4175
195,-1532461.3171,2614656.569
196,-1533161.4871,2613889.6824
197,-1533628.3269,2613569.4293
198,-1533905.8383,2613310.2198
199,-1533499.1399,2611766.5917
200,-1534778.1117,2610434.4724
201,-1536276.9571,2610520.7287
202,-1536552,2610508.1943
203,-1537445.4457,2610191.4545
204,-1538529.1455,2609291.4687
205,-1539096.8655,2609156.5591
206,-1542161.1919,2610184.0812
207,-1542921.5183,2611194.0983
208,-1541347.845,2612672.6479
209,-1543123.0798,2612341.9012
210,-1543461.3918,2613637.3918
211,-1543473.8908,2613723.7205
212,-1542421.7344,2617530.5292
213,-1541931.5039,2618805.5123
214,-1542407.7519,2620182.8133
215,-1543323.939,2621199.0506
216,-1543354.2526,2621618.4024
217,-1544050.6856,2623588.9026
218,-1544158.1249,2623790.6838
219,-1544270.4913,2624487.9805
220,-1544583.4779,2625154.4655
221,-1544615.5973,2625883.343
222,-1544676.439,2626198.07
223,-1544931.9759,2626915.3051
224,-1545382.8683,2627777.1328
225,-1545072.7218,2628886.4001
226,-1544955.3114,2629134.7561
227,-1544436.7091,2629794.3631
228,-1543687.7907,2631028.4817
229,-1543479.6519,2632110.6964
230,-1543769.4946,2632875.3478
231,-1543351.6557,2633710.7103
232,-1543111.1421,2635056.1041
233,-1543284.7472,2635264.9356
234,-1543640.967,2636452.1169
235,-1544110.8021,2636931.4589
236,-1547988.9486,2636912.2565
237,-1549826.6939,2637862.9563
238,-1549918.1984,2638103.1909
239,-1550209.8253,2638575.8359
240,-1550632.9382,2639525.8773
241,-1550808.6967,2640444.9279
242,-1550671.8961,2642073.8459
243,-1550919.4974,2642214.9755
244,-1551432.9297,2643353.3454
245,-1551739.7801,2645971.2604
246,-1551362.5146,2647099.5465
247,-1552807.273,2628134.9747
248,-1546574.3414,2626326.959
249,-1548531.2985,2624533.7171
250,-1552680.72,2621161.9582
251,-1553780.2604,2619130.4161
252,-1554079.0049,2618884.9958
253,-1554966.8026,2618385.1596
254,-1542388.5229,2606260.9535
255,-1543990.7468,2606285.8099
256,-1544828.836,2606827.3898
257,-1544829.1967,2607908.1157
258,-1545138.4721,2608886.1591
259,-1545276.3993,2609032.4123
260,-1547154.4876,2609362.3488
261,-1548767.847,2609139.027
262,-1549388.8742,2609062.181
263,-1550676.7028,2608968.2685
264,-1552280.7063,2608458.1358
265,-1554654.5288,2607340.9782
266,-1552806.6759,2608427.7202
267,-1542595.4554,2604462.1281
268,-1542699.0935,2604179.8416
269,-1542740.6947,2604032.0042
270,-1543289.0433,2603172.635
271,-1543263.2928,2603122.515
272,-1542997.6386,2602809.3122
273,-1543300.1709,2602183.7138
274,-1543727.4755,2601470.1924
275,-1544108.7227,2600766.0781
276,-1544271.6517,2600669.3865
277,-1544581.73,2599994.0667
278,-1544508.9675,2599983.5093
279,-1544850.2524,2599480.925
280,-1544775.2202,2598014.2417
281,-1545346.7781,2597562.4309
282,-1549181.8591,2599552.4573
283,-1551981.9733,2598336.0361
284,-1552249.5556,2598260.2646
285,-1552484.6205,2598212.868
286,-1554427.5944,2597645.8729
287,-1546066.5112,2597338.7859
288,-1548580.4716,2596788.7305
289,-1550420.5637,2596572.2338
290,-1551109.9923,2596647.723
291,-1552198.7979,2595998.7723
292,-1552825.9006,2595840.2706
293,-1553349.1391,2595818.2958
294,-1556157.7408,2595028.2636
295,-1557923.081,2592985.537
296,-1544188.1083,2597501.01
297,-1543780.0976,2595543.7039
298,-1543741.3931,2595111.1802
299,-1543772.6914,2595073.5221
300,-1544373.5352,2594570.8719
301,-1544041.5389,2594102.9904
302,-1543661.1706,2593336.1415
303,-1542740.0304,2592513.6253
304,-1542985.8945,2591318.3332
305,-1543120.5176,2590332.562
306,-1542957.0432,2590334.6042
307,-1543563.9333,2589011.1905
308,-1543837.8034,2588498.9796
309,-1544218.2028,2588172.5449
310,-1544529.5436,2586649.6065
311,-1544232.353,2588150.2592
312,-1545649.0122,2586489.8271
313,-1546630.8969,2586329.4236
314,-1547579.9439,2586006.3611
315,-1548222.4265,2585911.7238
316,-1551990.1022,2586641.5027
317,-1544665.4829,2585546.8453
318,-1544913.6387,2584340.5803
319,-1544841.7776,2584252.0863
320,-1544590.7883,2583533.5543
321,-1544394.0429,2582694.1207
322,-1544452.8703,2579457.1349
323,-1522090.6373,2597754.9284
324,-1522892.5679,2597914.0666
325,-1520905.8386,2619617.9547
326,-1521914.3069,2619035.0945
327,-1515905.6129,2618754.5552
328,-1523682.755,2613286.5526
329,-1522388.1502,2617635.7988
330,-1524139.8016,2610341.5177
331,-1524877.9563,2609687.9856
332,-1520813.9754,2613294.7896
333,-1520407.0197,2610824.0512
334,-1548615.8272,2633797.3854
335,-1548444.899,2634452.9459
336,-1552318.8588,2630111.7026
337,-1550688.7284,2643080.9215
338,-1549012.28,2644527.3861
339,-1547184.3461,2645403.8798
340,-1544080.5349,2647260.8641
341,-1511854.7554,2596996.2942
342,-1514514.1867,2594837.12
343,-1547393.3673,2575254.1806
344,-1547255.627,2574985.5596
345,-1552193.6286,2632234.8371
346,-1546259.0507,2631668.6127
347,-1546292.6603,2631067.7003
348,-1526222.3756,2628966.7387
349,-1516642.2595,2625127.6551
350,-1515966.3658,2625560.9822
351,-1511695.2615,2624066.6722
352,-1515567.0776,2625286.275
353,-1527411.8223,2629365.4759
354,-1524979.7823,2626370.0236
355,-1544714.2921,2578914.0786
356,-1544864.8547,2577863.2712
357,-1546173.8357,2575606.2232
358,-1549030.846,2574045.2367
359,-1549290.9774,2573990.2139
360,-1550487.9305,2574903.139
361,-1550050.2038,2579983.8875
362,-1549665.7289,2580500.993
363,-1546097.8957,2575574.6675
364,-1546575.3575,2574177.5096
365,-1546983.7347,2573505.4297
366,-1547878.7945,2571859.6885
367,-1547647.4541,2571590.1435
368,-1548040.6168,2570275.4143
369,-1548408.2138,2568094.003
370,-1549908.5704,2566489.9836
371,-1551049.3206,2565203.5739
372,-1552634.7125,2564129.5311
373,-1553584.988,2562622.1293
374,-1554850.1804,2559190.4635
375,-1548060.207,2564697.5879
376,-1548153.397,2564277.7575
377,-1547605.0934,2562794.1012
378,-1548539.0984,2561949.328
379,-1548515.6059,2560606.7222
380,-1548377.063,2560393.0072
381,-1548631.3189,2559947.1192
382,-1548772.1284,2559388.8289
383,-1548942.9145,2558958.4065
384,-1549027.5512,2558567.6951
385,-1546675.5847,2569361.9746
386,-1541774.7977,2590372.1179
387,-1541601.2054,2590111.8169
388,-1539865.0112,2588532.5272
389,-1539167.5245,2585933.908
390,-1539673.6895,2584476.6968
391,-1539455.7744,2583983.1992
392,-1538745.3955,2582690.2067
393,-1539693.3479,2606331.1305
394,-1538598.837,2605036.692
395,-1538134.4467,2604655.0097
396,-1538125.959,2601697.5672
397,-1538130.0842,2601557.8846
398,-1538102.5472,2601440.5597
399,-1537494.8279,2600792.1327
400,-1537285.9161,2600798.2237
401,-1536228.6401,2600427.2571
402,-1535394.3025,2599492.9933
403,-1532789.3491,2598403.5021
404,-1532679.8159,2596914.6721
405,-1532617.1531,2595974.2256
406,-1532869.8489,2595023.7076
407,-1533104.2021,2594510.9797
408,-1533566.5954,2593040.0323
409,-1533754.2034,2591992.6084
410,-1534090.4549,2590581.0794
411,-1533866.4868,2591443.5336
412,-1534226.5427,2589070.9101
413,-1533983.8842,2588869.6439
414,-1534172.3219,2588238.7474
415,-1533867.9507,2587316.6834
416,-1536096.4922,2585850.1763
417,-1536845.5131,2585252.8224
418,-1532601.4195,2598470.9715
419,-1530393.1199,2598607.7094
420,-1529397.7172,2598236.066
421,-1528492.6634,2598400.3214
422,-1528217.8708,2598463.207
423,-1527345.9438,2598480.5689
424,-1527036.0307,2598574.2581
425,-1525725.8969,2598644.1217
426,-1525729.3593,2592353.3906
427,-1526535.6977,2591587.8464
428,-1526993.6916,2590854.7805
429,-1527179.1342,2590707.7142
430,-1527246.4198,2590659.3008
431,-1528038.4578,2589819.2036
432,-1528147.0976,2589137.9265
433,-1528333.1981,2588607.1442
434,-1528336.9582,2588400.1987
435,-1528574.6412,2587784.3058
436,-1528781.506,2586956.0642
437,-1528818.8779,2586803.2967
438,-1529456.5462,2585215.0027
439,-1529574.5011,2584784.5052
440,-1529664.0272,2584567.2029
441,-1530205.9442,2583572.6189
442,-1530566.8272,2583098.5396
443,-1530656.7648,2581526.5984
444,-1530819.1537,2581133.966
445,-1531337.5474,2580005.1145
446,-1532642.1709,2579662.3393
447,-1532221.7664,2579900.9857
448,-1533400.0402,2577622.5054
449,-1533696.6156,2576510.7086
450,-1533904.9765,2574806.1004
451,-1534720.9048,2574495.0572
452,-1535118.9819,2573842.6315
453,-1536044.4108,2571892.2674
454,-1535303.6477,2569214.7169
455,-1535077.7654,2567542.4873
456,-1536293.2187,2564003.9118
457,-1535099.8332,2563036.457
458,-1535144.0507,2562824.2871
459,-1537011.4208,2558456.0432
460,-1537181.785,2558210.7593
461,-1537808.3262,2556601.2473
462,-1542016.9627,2555096.6438
463,-1531056.7305,2579798.7801
464,-1531109.53,2579991.5096
465,-1531477.3972,2576682.4759
466,-1531292.6503,2576487.4056
467,-1530826.1069,2574056.6367
468,-1530820.5608,2573405.489
469,-1530980.5784,2572497.2979
470,-1530701.8363,2571121.2224
471,-1530798.2201,2569680.4118
472,-1530739.8772,2568526.3211
473,-1530646.5721,2568026.1381
474,-1529349.5763,2567951.8643
475,-1526262.0712,2569953.9649
476,-1524913.4603,2570713.7986
477,-1526687.5973,2579599.9935
478,-1526504.2818,2579611.3781
479,-1524852.553,2579370.5174
480,-1522517.4997,2576506.566
481,-1524418.5505,2590153.3421
482,-1523979.863,2588948.1479
483,-1523619.3635,2587400.5451
484,-1523613.5106,2586655.5971
485,-1523702.9481,2586248.2892
486,-1522730.2623,2585055.9822
487,-1521254.6769,2584214.6524
488,-1521094.8355,2583638.6073
489,-1521103.73,2583058.0416
490,-1521053.1603,2582865.4511
491,-1520791.2403,2580008.777
492,-1524748.1798,2599309.2555
493,-1523734.8044,2599122.7467
494,-1523329.8626,2598063.9053
495,-1520852.5536,2597319.0001
496,-1520223.1756,2596928.3209
497,-1519961.6151,2596552.3347
498,-1519131.678,2596694.2745
499,-1518421.9168,2596869.3579
500,-1517714.0611,2596584.9543
501,-1517215.8633,2596488.7982
502,-1515483.8797,2595673.3642
503,-1514391.6707,2594752.4031
504,-1513627.1942,2593096.0494
505,-1513588.7896,2592201.947
506,-1513612.2641,2591960.1893
507,-1513641.5365,2592059.4139
508,-1513456.8999,2591445.1579
509,-1513712.886,2589977.6259
510,-1533573.6114,2603223.0717
511,-1533134.4648,2602657.6331
512,-1532475.5527,2608275.0466
513,-1532147.5281,2608233.3443
514,-1530310.8503,2608262.4656
515,-1529352.2128,2608174.1405
516,-1528708.9864,2607829.4197
517,-1527408.2545,2607763.5994
518,-1524783.7497,2608315.2205
519,-1526661.7217,2610754.3384
520,-1526605.2388,2620251.2271
521,-1524575.9522,2619773.0639
522,-1524261.838,2619675.9698
523,-1523579.2469,2619305.1708
524,-1522345.5849,2618931.1452
525,-1520693.9489,2625261.5237
526,-1519167.5297,2622625.7596
527,-1516321.3882,2630573.4959
528,-1516254.3074,2630287.0734
529,-1516089.2845,2629857.6366
530,-1515550.4758,2627541.1922
531,-1513863.2573,2621076.0316
532,-1513142.464,2627822.9986
533,-1512894.6843,2628057.0742
534,-1511703.5657,2627674.7615
535,-1509226.695,2630450.888
536,-1512829.2308,2634147.8469
537,-1510762.8372,2636032.2868
538,-1527833.3918,2599895.2523
539,-1527941.9716,2600452.5167
540,-1527663.9386,2602430.4839
541,-1526328.5006,2604754.2794
542,-1519412.0365,2638101.344
543,-1520485.8132,2636563.0258
544,-1522031.7616,2635981.9746
545,-1524719.7478,2637729.4878
546,-1546687.8043,2591932.682
547,-1546832.6844,2591648.2157
548,-1548472.276,2591333.9525
549,-1551499.8561,2590122.7371
550,-1552606.1115,2586917.1469
551,-1552723.2802,2587379.444
552,-1552597.1386,2571036.0408
553,-1556716.5373,2569079.5479
554,-1545192.4046,2569159.4849
555,-1544653.4693,2570010.8364
556,-1542002.6427,2573681.5327
557,-1512645.9656,2593155.9369
558,-1510167.9328,2593908.0797
559,-1509886.0739,2594218.8872
560,-1509766.0351,2594298.2568
561,-1508223.5584,2593364.1064
562,-1506934.4054,2594013.3513
563,-1505098.6585,2595470.4386
564,-1505701.9775,2595902.8434
565,-1515310.223,2597838.3475
566,-1511885.8407,2599082.8372
567,-1510902.1166,2599241.8994
568,-1510448.2394,2599322.2042
569,-1509328.6308,2598306.616
570,-1507395.5867,2597316.5589
571,-1519386.8965,2598223.3853
572,-1518416.7089,2599653.3464
573,-1516508.9526,2601767.0724
574,-1516227.7701,2603098.9639
575,-1516522.0767,2603902.4657
576,-1516679.1763,2604094.5307
577,-1516911.1238,2604550.0447
578,-1516991.9404,2605024.489
579,-1517131.8144,2607170.0448
580,-1522692.8853,2599998.0828
581,-1522367.1871,2603107.1299
582,-1522425.1456,2603353.7699
583,-1522658.3029,2604466.5889
584,-1522474.5579,2606288.7347
585,-1522152.185,2607930.6298
586,-1523429.9722,2607931.1396
587,-1532464.4548,2599076.4323
588,-1532133.4952,2599481.255
589,-1531229.9652,2601365.946
590,-1528728.0638,2605081.3067
591,-1529152.3023,2604463.0274
592,-1532848.829,2563950.3469
593,-1532627.2149,2563657.2665
594,-1530350.9795,2561937.7843
595,-1528329.8415,2560873.4356
596,-1528113.4858,2560702.7767
597,-1526946.4138,2558730.4972
598,-1514611.785,2640906.2033
599,-1517964.0888,2641496.1852
600,-1518165.1079,2641401.5491
601,-1536910.9282,2580373.2227
602,-1537997.3949,2580516.3245
603,-1545032.169,2606911.462
604,-1546355.9111,2606955.3479
605,-1546405.0205,2606958.327
606,-1554530.3042,2602958.7239
607,-1547051.7202,2556336.1446
608,-1545444.7054,2554371.0473
609,-1547083.7231,2551639.6697
610,-1519033.7439,2617570.1385
611,-1518674.9319,2614488.0028
612,-1544526.6137,2617391.3949
613,-1545830.513,2619538.7565
614,-1544590.7582,2619490.4733
615,-1544459.8159,2637686.1407
616,-1544191.5835,2639284.8031
617,-1543979.323,2639602.7844
618,-1542374.0828,2641337.2851
619,-1541889.4329,2642304.7933
620,-1547957.4262,2576267.4877
621,-1549341.9018,2579990.8875
622,-1551762.1142,2569111.5096
623,-1545268.8805,2564061.4774
624,-1543042.6909,2562834.3127
625,-1542398.835,2562557.025
626,-1541526.9316,2561449.0899
627,-1543401.8922,2594334.6469
628,-1542047.5864,2593636.7378
629,-1541131.4933,2593112.3591
630,-1538569.5926,2594866.1952
631,-1536968.1498,2592954.0752
632,-1536300.4307,2592731.333
633,-1544062.2977,2561780.823
634,-1554012.2912,2559040.2769
635,-1549557.9427,2552039.498
636,-1548124.4318,2550640.449
637,-1533656.264,2554874.5299
638,-1537210.2248,2558299.5215
639,-1542032.4115,2556783.3167
640,-1536712.1376,2561897.9043
641,-1541028.3983,2560561.8286
642,-1547020.1783,2650601.8822
643,-1548625.3501,2647878.5646
644,-1553638.8681,2646871.4295
645,-1521637.9727,2640625.3743
646,-1514920.6411,2640254.2899
647,-1514515.5003,2639695.318
648,-1523487.2727,2640004.6825
649,-1547782.8444,2643558.9529
650,-1522057.2587,2639435.9842
651,-1514116.7558,2639781.0089
652,-1514689.0584,2636669.9645
653,-1512475.5763,2637428.2522
654,-1545140.9827,2644109.8836
655,-1547177.7442,2643253.4595
656,-1553116.8544,2642443.9539
657,-1519363.4168,2635751.5621
658,-1510875.0004,2633942.4989
659,-1544809.1152,2642452.2263
660,-1525017.3015,2636081.2187
661,-1546393.8466,2643606.0603
662,-1553320.9828,2640667.9847
663,-1520529.7851,2634479.3329
664,-1518759.0479,2633989.0769
665,-1555005.728,2641499.1749
666,-1552421.2294,2640016.1773
667,-1548664.7309,2641160.3992
668,-1554431.5002,2639878.0965
669,-1547062.9462,2641721.0008
670,-1546202.21,2638160.311
671,-1547865.0495,2639576.0265
672,-1518494.7281,2633077.5254
673,-1510158.7988,2632607.3362
674,-1514481.0407,2631795.7702
675,-1548590.3659,2639049.2068
676,-1539805.7661,2640313.0766
677,-1511800.5357,2630169.9654
678,-1554478.7357,2637948.8088
679,-1521080.8377,2633615.2688
680,-1521937.7832,2631463.4964
681,-1524780.7198,2634541.0456
682,-1513788.5241,2630010.9463
683,-1539369.6647,2638487.5963
684,-1539816.6732,2636827.8396
685,-1519465.3804,2633217.5654
686,-1555313.6395,2637500.5196
687,-1520275.0185,2632716.3612
688,-1525383.305,2632749.1848
689,-1522913.6271,2630938.5074
690,-1522144.3086,2630745.9982
691,-1525873.1406,2631034.7881
692,-1512105.043,2629838.7336
693,-1546312.606,2633905.1931
694,-1545403.142,2634206.0112
695,-1509943.4674,2628083.963
696,-1539677.2479,2633280.8927
697,-1540424.5299,2632911.7662
698,-1543084.8859,2632200.6911
699,-1518529.5779,2628676.2303
700,-1546002.5175,2634868.6802
701,-1523954.9042,2629787.6193
702,-1539515.7162,2635451.9292
703,-1555802.8873,2634802.0721
704,-1551129.7676,2633391.5428
705,-1526353.3996,2629753.0124
706,-1511419.4828,2625869.1895
707,-1545887.0768,2632274.2149
708,-1541585.5225,2631386.839
709,-1540960.2114,2631374.4755
710,-1546399.1877,2632148.0675
711,-1547891.9651,2630192.2892
712,-1546476.2978,2632702.6168
713,-1519143.312,2626642.7997
714,-1518295.1832,2625906.5974
715,-1527348.0373,2627959.8483
716,-1530280.0879,2629059.6617
717,-1542876.8018,2629281.9388
718,-1541339.5018,2630256.4341
719,-1547581.2442,2631636.9942
720,-1547977.7657,2630070.4084
721,-1548465.9198,2630375.9868
722,-1541434.6188,2628512.9202
723,-1540367.6406,2629783.2482
724,-1528987.0722,2629809.1801
725,-1545612.8401,2631413.3715
726,-1535491.6942,2627889.4786
727,-1550727.6067,2630040.2641
728,-1554352.6273,2630541.8733
729,-1539808.1248,2627624.5548
730,-1546043.2709,2628296.7814
731,-1552611.5648,2631125.1915
732,-1532681.7454,2625437.5608
733,-1522728.0786,2622898.7893
734,-1523034.0233,2623430.6707
735,-1539276.4239,2627126.1985
736,-1540711.358,2626544.1363
737,-1542740.3533,2624678.6847
738,-1518310.4366,2622295.0441
739,-1529871.0277,2624393.557
740,-1531556.5511,2624544.6568
741,-1543133.3728,2628253.319
742,-1551211.1845,2628084.2256
743,-1521048.0417,2622114.2063
744,-1547338.7042,2619721.156
745,-1544368.3146,2623497.6477
746,-1548704.0284,2619814.241
747,-1544759.5982,2623756.9502
748,-1529088.7097,2615208.7426
749,-1529896.3842,2616023.6636
750,-1534187.8826,2616756.0986
751,-1533625.7141,2615494.3099
752,-1535922.4744,2617905.4827
753,-1549398.0658,2619513.5914
754,-1536798.6224,2617994.2013
755,-1538087.3572,2617316.2317
756,-1538332.3339,2619396.9411
757,-1549116.8129,2619200.1509
758,-1535493.7382,2616453.8169
759,-1536560.1163,2616883.3237
760,-1541095.4556,2617415.3123
761,-1529521.6471,2614290.2981
762,-1529863.7554,2615086.7676
763,-1538692.1577,2616635.5937
764,-1538362.6966,2615908.3597
765,-1537383.7272,2616505.2688
766,-1536384.8106,2615593.7044
767,-1535558.9857,2615243.7573
768,-1519437.2906,2611636.4682
769,-1554522.6668,2618032.9686
770,-1535839.2185,2614341.1708
771,-1536703.5052,2615226.4971
772,-1521784.3367,2610717.4686
773,-1532248.4069,2611970.3483
774,-1541806.2031,2614328.4714
775,-1542043.5684,2613263.3713
776,-1536889.9587,2612289.759
777,-1537139.7839,2613386.4809
778,-1544820.819,2613733.3833
779,-1543916.4875,2613617.5389
780,-1512105.3364,2589850.0191
781,-1531292.6773,2592861.7647
782,-1532267.8649,2594731.4739
783,-1555164.9166,2597327.299
784,-1554829.3938,2597424.5388
785,-1541069.1477,2595196.9994
786,-1541610.7496,2594767.1637
787,-1542432.5624,2594320.8305
788,-1544804.2365,2595308.4516
789,-1545185.3351,2596061.7695
790,-1519307.292,2590481.5514
791,-1520163.7932,2591682.5855
792,-1542674.5963,2596166.6479
793,-1540378.0575,2595499.1391
794,-1541160.3931,2594590.1786
795,-1528166.7302,2592541.4926
796,-1527400.0242,2591772.9297
797,-1535665.2182,2582567.7447
798,-1534849.8828,2582301.5026
799,-1534686.0803,2582207.3463
800,-1540706.2803,2583174.8653
801,-1550047.4715,2584931.6724
802,-1549069.2236,2585292.1394
803,-1550847.0209,2585012.3955
804,-1539843.5049,2582902.8685
805,-1540049.9631,2582537.7691
806,-1547768.5683,2584208.5407
807,-1537926.7735,2582368.6673
808,-1534951.9461,2584517.1541
809,-1533647.9824,2581506.911
810,-1542372.7076,2583842.1301
811,-1547231.8444,2583297.6909
812,-1546788.8412,2583579.3993
813,-1523414.4872,2581384.8997
814,-1552030.1097,2557800.6616
815,-1552475.4586,2556777.9426
816,-1548224.6618,2554463.8761
817,-1553414.0567,2555379.7216
818,-1547527.6356,2554244.6298
819,-1545111.4644,2552276.6905
820,-1554343.3933,2553396.3108
821,-1515090.1876,2620373.0063
822,-1543327.7443,2627973.918
823,-1523890.8395,2622209.6885
824,-1551301.6194,2626640.6844
825,-1553142.0844,2626537.7386
826,-1538950.0857,2626246.0184
827,-1539251.1238,2624799.9467
828,-1539592.4913,2623793.4004
829,-1540058.848,2622931.9757
830,-1552078.6664,2625486.613
831,-1551456.3185,2625946.8873
832,-1542282.5595,2627272.5424
833,-1529391.7187,2623498.9546
834,-1549474.8515,2625322.8358
835,-1546021.5465,2624475.8536
836,-1531903.6359,2623388.3998
837,-1519514.625,2621238.7219
838,-1555004.3508,2625789.5351
839,-1531646.8003,2622437.4902
840,-1538424.2771,2623625.417
841,-1540307.2874,2622823.017
842,-1533829.8754,2624517.8919
843,-1536870.9075,2623538.712
844,-1535554.4814,2621879.1624
845,-1523293.7415,2621344.9441
846,-1522036.9503,2621054.0252
847,-1547439.8675,2623767.6732
848,-1554287.5113,2624924.5371
849,-1532682.0139,2622535.3203
850,-1538436.1634,2620668.1668
851,-1549680.8647,2621401.175
852,-1549040.8147,2622514.9246
853,-1532451.9598,2620977.7939
854,-1524424.2889,2617322.6192
855,-1544245.1587,2621688.5808
856,-1540060.0694,2620309.818
857,-1539386.5121,2619771.9753
858,-1519140.6287,2615843.862
859,-1527804.8305,2617247.3673
860,-1554770.0043,2621414.8174
861,-1540600.275,2618784.6743
862,-1539865.1526,2617988.3694
863,-1533592.8431,2616773.5014
864,-1546018.391,2618308.3183
865,-1554937.3204,2619752.1289
866,-1525887.8805,2613565.2797
867,-1531423.909,2612543.5596
868,-1530882.0631,2612243.7717
869,-1521896.5176,2609912.4735
870,-1548813.6745,2614011.4927
871,-1554264.4314,2616846.8683
872,-1520665.7304,2608714.1747
873,-1551860.8795,2613462.3082
874,-1535900.49,2611595.3307
875,-1540222.98,2612028.0605
876,-1540178.825,2611226.2412
877,-1548746.5681,2612624.1993
878,-1549325.4683,2612510.2979
879,-1552002.5121,2613185.2483
880,-1537562.8215,2612777.1837
881,-1531340.4552,2611017.1137
882,-1550878.3808,2611878.6155
883,-1550240.2081,2612477.1329
884,-1531549.8191,2608861.5302
885,-1530338.7105,2609581.769
886,-1551618.2479,2612511.4813
887,-1539443.2552,2610123.7788
888,-1539354.8159,2612235.7239
889,-1527812.7242,2610095.6766
890,-1555789.7599,2612804.5171
891,-1524377.5574,2607429.8484
892,-1518183.9048,2606320.8647
893,-1517576.7936,2605326.8819
894,-1549312.1992,2611225.3219
895,-1518667.449,2605467.492
896,-1526121.2464,2606478.9071
897,-1536156.9548,2607724.6063
898,-1514739.2234,2604351.1423
899,-1515157.8797,2603646.2079
900,-1515746.5016,2604941.7548
901,-1537012.0656,2607737.9371
902,-1529610.7581,2606316.6229
903,-1530717.301,2605546.076
904,-1531870.189,2606644.0425
905,-1554897.7773,2610851.3263
906,-1554533.7252,2610856.7992
907,-1535915.7586,2607315.4094
908,-1518735.3463,2604039.7324
909,-1549079.775,2610705.3613
910,-1527997.3254,2605698.8447
911,-1544047.754,2611000.8513
912,-1542760.1338,2608579.4024
913,-1543950.276,2608655.4896
914,-1524551.1331,2604910.5292
915,-1519983.7152,2608065.8275
916,-1521682.6202,2603898.3372
917,-1551145.2157,2611105.9828
918,-1518109.8777,2603032.6892
919,-1551715.912,2610418.1025
920,-1511909.0403,2602568.05
921,-1511800.4459,2601283.9168
922,-1519728.0747,2603014.8577
923,-1512494.363,2601309.738
924,-1548852.315,2607636.9774
925,-1548166.9308,2608020.4594
926,-1508643.1319,2602928.9445
927,-1509784.2379,2600758.6351
928,-1507489.391,2603184.6125
929,-1537421.5265,2607296.0937
930,-1524764.3398,2604251.7028
931,-1550570.0493,2607485.5037
932,-1549572.1041,2608120.8431
933,-1512651.822,2603425.6884
934,-1515658.5946,2601409.1013
935,-1542929.1428,2607366.5918
936,-1510459.696,2600209.9867
937,-1510362.7081,2602805.1632
938,-1547720.0252,2607619.225
939,-1545386.5341,2606585.34
940,-1543284.5128,2607961.1875
941,-1515867.8047,2600969.8912
942,-1516155.6578,2600047.1545
943,-1530675.9195,2604924.6942
944,-1532395.5675,2603974.1074
945,-1536640.0282,2606881.8092
946,-1531632.0095,2603970.9785
947,-1536640.1075,2605907.6525
948,-1527611.5253,2604256.5051
949,-1531719.8469,2603113.7352
950,-1532188.4499,2600561.0093
951,-1531099.6873,2603740.0055
952,-1552311.58,2606852.5633
953,-1518588.5719,2602424.4841
954,-1518939.8716,2600427.6032
955,-1520092.0324,2601544.4198
956,-1518958.1626,2600389.8
957,-1520671.7764,2600710.9358
958,-1519393.7087,2600503.0289
959,-1545182.6542,2605135.8037
960,-1507862.8219,2598656.8995
961,-1543647.1151,2604592.0993
962,-1545007.0131,2604518.7232
963,-1541372.4341,2604755.6722
964,-1534677.9353,2602628.5077
965,-1549475.7573,2605192.3121
966,-1521449.0544,2600662.0033
967,-1530376.0072,2601421.3222
968,-1529794.3557,2601463.8199
969,-1540532.0363,2603303.5523
970,-1541407.0506,2602641.6091
971,-1540185.8374,2604085.2383
972,-1510946.8791,2597655.6591
973,-1532109.5657,2601558.0788
974,-1532053.5366,2602286.7135
975,-1540749.2942,2604611.9604
976,-1528948.3977,2600795.9594
977,-1529410.0744,2601740.1137
978,-1519724.8954,2598982.4034
979,-1519520.8243,2598391.6179
980,-1520433.6464,2599986.0971
981,-1546633.8709,2603891.0629
982,-1534391.2532,2601628.6392
983,-1533933.7112,2601634.7296
984,-1516096.8744,2599070.4433
985,-1544451.9227,2603783.8821
986,-1544101.2138,2603172.0065
987,-1520707.2677,2599229.4426
988,-1547570.1156,2604024.5198
989,-1546730.8218,2603492.8566
990,-1525841.8708,2604377.6148
991,-1524660.9831,2601354.1745
992,-1535884.5696,2604590.2488
993,-1548443.5988,2604088.875
994,-1547985.2635,2603545.5674
995,-1545330.7473,2604043.8177
996,-1546604.7191,2603182.4498
997,-1546550.2637,2602840.7643
998,-1533828.8492,2600832.9259
999,-1533538.8747,2600337.6929
1000,-1539881.3775,2601390.733
1001,-1536563.5511,2601940.6384
1002,-1530361.0417,2599420.2697
1003,-1530457.8415,2600209.4512
1004,-1506870.3562,2596496.0353
1005,-1508772.279,2595339.4173
1006,-1509805.5128,2597173.537
1007,-1550081.0475,2603458.0571
1008,-1521211.6494,2599709.1529
1009,-1540403.4294,2601201.1247
1010,-1525883.6013,2600455.2314
1011,-1518299.2156,2598333.2016
1012,-1509044.252,2594998.8299
1013,-1510490.7389,2596426.5871
1014,-1539581.7236,2600755.6637
1015,-1551517.7404,2602955.4152
1016,-1517410.6479,2598246.7487
1017,-1544886.9465,2602775.3385
1018,-1537357.0409,2600093.0087
1019,-1537318.4304,2599325.422
1020,-1552924.2912,2603011.3128
1021,-1542522.6569,2601009.5268
1022,-1541467.7783,2600600.6348
1023,-1514307.5145,2595927.2085
1024,-1545456.5368,2601207.6878
1025,-1546337.9818,2601430.4895
1026,-1554460.0623,2602261.5401
1027,-1553820.2441,2602466.9151
1028,-1522782.0524,2596545.1975
1029,-1542693.3336,2600283.2339
1030,-1528786.919,2596717.965
1031,-1528265.5414,2597454.0895
1032,-1541818.9691,2600251.0908
1033,-1542296.8572,2600047.5092
1034,-1540082.8696,2599581.1189
1035,-1540331.4217,2600333.5287
1036,-1524143.9649,2596536.8094
1037,-1536619.6259,2598814.0118
1038,-1551766.1356,2601390.671
1039,-1552380.4674,2601427.0465
1040,-1545972.0501,2600450.2776
1041,-1537236.2423,2598718.2381
1042,-1537695.8255,2598627.2221
1043,-1541768.7401,2597109.4082
1044,-1506271.8073,2592687.9548
1045,-1506794.0847,2591615.391
1046,-1553345.451,2601511.7307
1047,-1551014.487,2602490.8581
1048,-1510462.8648,2592475.4891
1049,-1510258.4173,2593230.1645
1050,-1528355.763,2596526.1125
1051,-1528800.8822,2596005.6667
1052,-1520702.8259,2595053.6162
1053,-1537871.0583,2597894.3306
1054,-1538689.0294,2596813.5309
1055,-1537236.5969,2598174.3019
1056,-1542412.532,2599559.04
1057,-1529447.2405,2596276.1755
1058,-1528369.5795,2596061.969
1059,-1529024.981,2595257.9124
1060,-1553771.5233,2600392.1054
1061,-1520002.2507,2593310.2099
1062,-1536381.5407,2596508.0582
1063,-1529688.7704,2595539.3419
1064,-1508229.3415,2590872.1848
1065,-1533431.4707,2595611.7217
1066,-1542564.5052,2598530.23
1067,-1511253.0594,2591256.3121
1068,-1534976.0614,2595278.5921
1069,-1534360.9716,2595404.4956
1070,-1553810.4568,2599117.8036
1071,-1515366.7746,2591567.926
1072,-1513752.8235,2592139.1946
1073,-1517678.3336,2591712.3235
1074,-1531440.7652,2594275.0643
1075,-1530798.5574,2593974.9127
1076,-1511634.0505,2590238.5288
1077,-1539908.869,2596843.152
1078,-1542417.9226,2596018.9415
1079,-1546225.0738,2596683.116
1080,-1535202.5108,2594813.2464
1081,-1534823.0792,2594482.2027
1082,-1508741.2961,2589358.4502
1083,-1536481.5041,2595945.9698
1084,-1538388.4199,2594927.1309
1085,-1550266.7559,2597666.3246
1086,-1540603.7183,2595697.5778
1087,-1536620.7188,2595369.598
1088,-1546153.862,2596212.8865
1089,-1555009.3597,2598083.8326
1090,-1554832.4755,2597755.1534
1091,-1516858.6116,2590560.8435
1092,-1546766.9939,2596142.6513
1093,-1544974.3677,2596485.4966
1094,-1549046.486,2595394.3899
1095,-1520112.8306,2589882.1195
1096,-1551310.5185,2595699.7854
1097,-1551494.105,2595038.4693
1098,-1550785.8765,2595557.0934
1099,-1550849.8682,2594923.151
1100,-1514658.9344,2588723.8778
1101,-1531185.7515,2591934.2575
1102,-1531659.2946,2591838.7688
1103,-1511376.1117,2589465.7341
1104,-1547187.3241,2594587.09
1105,-1529876.9241,2592654.1123
1106,-1522828.6845,2590200.6053
1107,-1534847.7507,2592093.3331
1108,-1529439.6292,2591148.9915
1109,-1546031.1968,2594119.8118
1110,-1516974.9992,2588211.0339
1111,-1518731.7737,2589221.5894
1112,-1548003.2695,2593868.2837
1113,-1525364.6293,2589590.9347
1114,-1537819.1724,2592223.0323
1115,-1530125.7378,2590732.9404
1116,-1549840.1893,2593850.344
1117,-1551045.7879,2592843.9872
1118,-1556910.5238,2595910.7034
1119,-1522005.2325,2589575.3197
1120,-1547969.1274,2593059.1731
1121,-1531410.907,2589874.0398
1122,-1533689.701,2591433.416
1123,-1530384.1545,2589729.3705
1124,-1537524.1576,2591653.2008
1125,-1515134.446,2586205.0977
1126,-1515978.223,2585127.4991
1127,-1545402.7786,2591064.842
1128,-1544810.1754,2591676.0699
1129,-1547627.3381,2592947.5842
1130,-1531774.19,2589362.0742
1131,-1514478.4565,2585568.5675
1132,-1529720.5592,2588562.1507
1133,-1520045.4695,2588732.6059
1134,-1522543.7908,2586984.0532
1135,-1525854.4973,2587565.03
1136,-1554832.1389,2592997.4528
1137,-1555151.6046,2593020.4512
1138,-1536928.1869,2589486.7282
1139,-1546768.7622,2591262.857
1140,-1531232.2568,2588820.4406
1141,-1531814.0426,2588351.8746
1142,-1533137.6379,2588342.3889
1143,-1555086.5541,2592691.4676
1144,-1530771.9253,2588193.9853
1145,-1545120.9858,2590778.5657
1146,-1539489.5952,2590108.1144
1147,-1517992.4309,2585783.2724
1148,-1519295.2597,2585892.3037
1149,-1519774.1135,2585895.5699
1150,-1546016.9907,2590608.3535
1151,-1546287.0664,2589965.7359
1152,-1547167.3558,2590452.0175
1153,-1525092.2486,2586193.6801
1154,-1531184.5311,2587359.9997
1155,-1535238.7641,2588021.794
1156,-1553506.8529,2591394.9961
1157,-1553412.3228,2590541.9604
1158,-1538069.2239,2590328.8491
1159,-1542194.2235,2588967.2
1160,-1535679.2464,2587536.0682
1161,-1541185.2309,2588380.8554
1162,-1525022.4809,2585318.6558
1163,-1536741.0837,2587365.6353
1164,-1545813.5019,2588874.7869
1165,-1519063.3922,2583978.3907
1166,-1552480.1562,2590071.7555
1167,-1549601.0466,2589307.1334
1168,-1541271.7737,2587610.9841
1169,-1546165.6459,2588544.068
1170,-1545278.0225,2588278.6926
1171,-1532882.9292,2585941.843
1172,-1527147.4295,2584789.0977
1173,-1530975.4121,2585235.568
1174,-1543679.9155,2587622.6232
1175,-1542889.9622,2586112.7087
1176,-1522781.1828,2583623.7335
1177,-1519577.6346,2583011.5392
1178,-1539872.2058,2586773.3052
1179,-1540574.7561,2586143.5494
1180,-1540594.117,2586902.0905
1181,-1532087.3069,2585915.9203
1182,-1532170.5826,2585295.6738
1183,-1532121.2665,2584437.726
1184,-1534481.2645,2585606.2439
1185,-1533801.7663,2585521.9677
1186,-1533250.2025,2584777.795
1187,-1547849.5344,2587464.1653
1188,-1527397.6835,2583532.0711
1189,-1542370.9177,2586339.1309
1190,-1550287.7397,2587789.3755
1191,-1523894.4801,2582467.2151
1192,-1545857.2721,2587953.9996
1193,-1522583.8518,2582065.3116
1194,-1526963.3762,2582617.3127
1195,-1525654.3406,2582086.019
1196,-1541678.7197,2585083.3429
1197,-1543303.1203,2586035.9372
1198,-1521823.6907,2581137.59
1199,-1535511.8981,2583687.1356
1200,-1535711.8499,2584329.3336
1201,-1537979.0099,2583174.8934
1202,-1537997.4907,2584138.9694
1203,-1532331.7743,2582661.7426
1204,-1532802.9855,2582910.61
1205,-1548586.4877,2585685.9545
1206,-1550429.5886,2586126.1576
1207,-1526943.5497,2581513.9927
1208,-1526826.4906,2581016.8783
1209,-1542938.8295,2585106.6793
1210,-1544464.016,2584443.8605
1211,-1542630.287,2584195.7392
1212,-1546981.3897,2584785.318
1213,-1536148.3279,2583601.4816
1214,-1541602.9021,2582546.2908
1215,-1542282.3546,2582556.9205
1216,-1538496.4605,2582008.844
1217,-1542137.0755,2583002.5144
1218,-1550235.0203,2583751.1488
1219,-1552686.6704,2584220.3652
1220,-1553661.5948,2584096.1658
1221,-1542357.8115,2581904.0837
1222,-1528820.9189,2577057.6568
1223,-1540117.1696,2579149.3707
1224,-1540333.5496,2578157.5766
1225,-1549526.3177,2581220.3318
1226,-1550252.8392,2580959.9341
1227,-1527072.7377,2576957.6251
1228,-1543166.9121,2579569.8792
1229,-1524632.4031,2575926.3234
1230,-1530476.1429,2576847.6133
1231,-1545800.9493,2579662.4596
1232,-1546649.5163,2580150.4479
1233,-1526351.7433,2576026.2499
1234,-1543868.0005,2579059.1794
1235,-1547871.6398,2581166.7731
1236,-1547253.2867,2579694.184
1237,-1538363.1113,2578180.2214
1238,-1539445.5571,2577797.1911
1239,-1551489.7091,2580381.394
1240,-1552446.0572,2581216.2928
1241,-1548406.7829,2580358.0919
1242,-1541809.5452,2578422.7221
1243,-1552561.9119,2580656.0762
1244,-1528862.5329,2575231.2987
1245,-1540828.6261,2576827.1212
1246,-1541536.3713,2576995.8246
1247,-1542072.6426,2576924.6542
1248,-1541368.7279,2576734.5191
1249,-1528482.4296,2575015.5908
1250,-1525493.853,2576053.8116
1251,-1527453.9998,2573731.2526
1252,-1532113.9742,2574028.8216
1253,-1542482.4856,2575540.7056
1254,-1529397.9276,2573047.5976
1255,-1529475.0512,2573014.1613
1256,-1525209.2485,2572095.5785
1257,-1527749.1236,2572695.4497
1258,-1538167.9358,2574177.0824
1259,-1537434.9603,2573358.607
1260,-1540357.5817,2573875.0029
1261,-1543802.8082,2574512.6319
1262,-1549123.3338,2576799.4286
1263,-1526055.3151,2571512.2852
1264,-1529574.0509,2571652.0126
1265,-1533523.5644,2572042.9103
1266,-1552481.6248,2575878.9779
1267,-1545064.2017,2573576.06
1268,-1549867.6901,2576830.4342
1269,-1537119.0895,2571646.1962
1270,-1529268.8424,2569989.3779
1271,-1553088.9777,2575812.2762
1272,-1552649.3629,2574363.1955
1273,-1545741.4433,2572709.1631
1274,-1540314.6859,2571624.4621
1275,-1550522.4032,2573297.6016
1276,-1525970.852,2568624.2079
1277,-1529385.6525,2569136.8744
1278,-1532131.3441,2569571.6608
1279,-1554363.1965,2573614.1056
1280,-1540363.3191,2570225.4693
1281,-1527424.183,2568683.6328
1282,-1529173.4873,2567938.711
1283,-1545616.286,2571579.0154
1284,-1527388.4858,2568107.0072
1285,-1528971.0103,2567554.3092
1286,-1527122.0775,2566895.1101
1287,-1541213.8415,2571496.7817
1288,-1558777.2092,2560787.0262
1289,-1557315.9117,2560358.6282
1290,-1549799.5024,2558739.8578
1291,-1558216.0505,2560059.0196
1292,-1540390.4266,2556585.5188
1293,-1546902.1812,2557675.9054
1294,-1532745.1689,2567289.4735
1295,-1529671.0244,2566526.0489
1296,-1541099.4813,2570432.4871
1297,-1544360.4014,2569135.0764
1298,-1544956.1951,2570725.023
1299,-1541200.0511,2569613.7789
1300,-1528814.9134,2565235.7781
1301,-1539061.9303,2566150.4218
1302,-1532485.5405,2564590.2592
1303,-1528754.9739,2564401.5564
1304,-1540053.3325,2564737.4953
1305,-1551149.4904,2566377.866
1306,-1551245.7743,2568164.7869
1307,-1553687.5826,2568615.0974
1308,-1553520.5478,2566698.0124
1309,-1551508.7121,2566099.6828
1310,-1552145.3114,2568283.6006
1311,-1555746.5849,2566892.6806
1312,-1552300.3517,2565893.9854
1313,-1527070.5247,2561478.0355
1314,-1543164.7269,2563919.4107
1315,-1540811.0056,2563773.5016
1316,-1533318.7098,2560583.3608
1317,-1549371.939,2563386.5135
1318,-1528544.8774,2559262.699
1319,-1531135.3328,2559638.6401
1320,-1533565.7716,2559903.4949
1321,-1529711.9154,2559164.2586
1322,-1542950.488,2561426.2661
1323,-1557312.7542,2563921.6507
1324,-1550478.6377,2562543.9038
1325,-1551845.2169,2562474.691
1326,-1538325.615,2559505.385
1327,-1557724.2296,2562542.5665
1328,-1550854.7564,2562121.5763
1329,-1543502.8859,2561088.3742
1330,-1533072.4728,2556989.6232
1331,-1551298.8973,2551112.1727
1332,-1554513.3382,2551342.1993
1333,-1550068.1269,2549192.5294
1334,-1513693.4597,2592111.2643
1335,-1554636.0137,2597599.7108
1336,-1533801.3537,2591622.8903
