"fromedge","toedge"
1,205
2,1
3,42
4,194
5,4
6,5
7,6
8,7
9,345
10,9
11,10
12,11
13,12
14,13
15,14
16,327
17,18
18,148
19,20
20,491
21,22
22,214
23,365
24,28
25,28
26,27
27,30
28,244
29,368
30,245
31,534
32,39
33,366
34,369
35,34
36,1007
37,1024
38,1045
39,1045
40,610
41,759
42,2
43,208
44,1056
45,1094
46,455
47,347
48,618
49,50
51,52
52,53
53,49
54,51
55,54
56,55
57,56
58,57
59,61
60,59
61,58
62,60
63,62
64,63
65,107
66,215
67,66
68,67
69,68
70,69
71,162
72,71
73,72
74,481
75,74
76,75
77,76
78,155
79,78
80,79
81,80
82,617
83,82
84,338
85,84
86,85
87,422
88,426
89,88
90,1210
91,1209
92,1210
93,1218
94,286
95,413
96,284
97,98
98,1208
99,1207
100,1204
101,1207
102,287
103,431
104,1219
105,1219
106,85
107,64
108,65
109,108
110,109
111,110
112,111
113,114
114,112
115,113
116,115
117,116
118,117
119,118
120,119
121,120
122,121
123,122
124,123
125,124
126,125
127,126
128,127
129,128
130,129
131,130
132,131
133,125
134,133
135,134
136,135
137,136
138,137
139,138
140,139
141,140
142,141
143,142
144,143
145,144
146,145
147,146
148,143
149,148
150,149
151,150
152,151
153,152
154,153
155,154
156,155
157,156
158,157
159,158
160,159
161,160
162,161
163,162
164,163
165,164
166,164
167,166
168,167
169,168
170,169
171,170
172,171
173,172
174,173
175,174
176,175
177,176
178,177
179,178
180,179
181,180
182,181
183,182
184,183
185,184
186,185
187,186
188,187
189,188
190,189
191,190
192,191
193,192
194,193
195,194
196,195
197,196
198,197
199,198
200,199
201,200
202,201
203,202
204,203
205,204
206,8
207,179
208,207
209,43
210,209
211,210
212,211
213,212
214,168
215,214
216,73
217,216
218,217
219,218
220,219
221,220
222,221
223,222
224,223
225,224
226,225
227,228
228,226
229,73
230,229
231,230
232,231
233,232
234,233
235,234
236,235
237,236
238,237
239,238
240,239
241,240
242,241
243,242
244,243
245,244
246,245
247,246
248,247
249,248
250,249
251,243
252,251
253,252
254,253
255,254
256,255
257,256
258,257
259,258
260,242
261,260
262,261
263,262
264,263
265,264
266,265
267,266
268,267
269,268
270,269
271,270
272,271
273,272
274,1335
275,274
276,275
277,276
278,277
279,278
280,274
281,280
282,281
283,282
284,283
285,284
286,285
287,286
288,287
289,465
290,498
291,290
292,587
293,292
294,293
295,587
296,295
297,598
298,297
299,201
300,299
301,300
302,203
303,474
304,315
305,5
306,307
307,182
308,122
309,505
310,506
311,698
312,288
313,312
314,313
315,314
316,315
317,316
318,317
319,318
320,319
321,314
322,321
323,322
324,323
325,324
326,325
327,326
328,327
329,328
330,329
331,330
332,331
333,332
334,328
335,334
336,335
337,336
338,337
339,338
340,339
341,340
342,341
343,342
344,343
345,344
346,16
347,346
348,269
349,348
350,349
351,350
352,351
353,352
354,353
355,72
356,355
357,356
358,357
359,358
360,359
361,360
362,361
363,362
364,363
365,364
366,365
367,366
368,367
369,368
370,369
371,370
372,371
373,372
374,373
375,374
376,1332
377,376
378,377
379,378
380,379
381,380
382,381
383,367
384,383
385,384
386,385
387,386
388,387
389,388
390,389
391,390
392,391
393,392
394,393
395,394
396,395
397,396
398,397
399,398
400,399
401,400
402,401
403,402
404,403
405,404
406,405
407,406
408,407
409,408
410,409
411,412
412,410
413,411
414,413
415,414
416,415
417,416
418,417
419,418
420,419
421,420
422,421
423,422
424,423
425,424
426,425
427,426
428,427
429,428
430,429
431,408
432,433
433,431
434,432
435,434
436,435
437,436
438,437
439,438
440,439
441,440
442,441
443,442
444,443
445,444
446,405
447,446
448,447
449,448
450,391
451,450
452,451
453,452
454,453
455,454
456,46
457,456
458,457
459,458
460,459
461,460
462,390
463,462
464,463
465,464
466,289
467,466
468,467
469,468
470,469
471,470
472,471
473,472
474,473
475,474
476,475
477,476
478,1327
479,478
480,479
481,480
482,81
483,482
484,79
485,484
486,485
487,486
488,487
489,488
490,489
491,140
492,491
493,135
494,493
495,494
496,495
497,496
498,497
499,121
500,499
501,109
502,501
503,502
504,503
505,504
506,505
507,506
508,504
509,508
510,509
511,510
512,64
513,512
514,386
515,514
516,515
517,516
518,58
519,518
520,519
521,520
522,265
523,522
524,523
525,524
526,527
527,525
528,324
529,528
530,346
531,530
532,531
533,476
534,533
535,534
536,535
537,536
538,537
539,538
540,539
541,540
542,472
543,542
544,543
545,544
546,545
547,546
548,467
549,548
550,549
551,550
552,551
553,552
554,553
555,554
556,555
557,463
558,557
559,558
560,559
561,560
562,561
563,562
564,383
565,564
566,565
567,568
568,566
569,424
570,569
571,570
572,571
573,572
574,573
575,576
576,577
577,54
578,411
579,578
580,218
581,580
582,581
583,582
584,342
585,584
586,585
587,497
588,498
589,588
590,22
591,592
592,590
593,192
594,593
595,594
596,595
597,596
598,193
599,304
600,599
601,326
602,334
603,602
604,603
605,604
606,263
607,606
608,607
609,608
610,609
611,610
612,611
613,336
614,341
615,11
616,615
617,388
618,89
619,48
620,427
621,620
622,423
623,622
624,1
625,205
626,204
627,55
628,56
629,57
630,51
631,300
632,518
633,636
634,636
635,596
636,62
637,299
638,202
639,60
640,512
641,595
642,520
643,594
644,200
645,519
646,63
647,644
648,199
649,198
650,644
651,654
652,654
653,108
654,593
655,660
656,195
657,191
658,660
659,197
660,501
661,670
662,670
663,502
664,190
665,189
666,115
667,196
668,116
669,671
670,677
671,677
672,671
673,509
674,675
675,188
676,510
677,118
678,679
679,685
680,113
681,297
682,119
683,685
684,4
685,186
686,598
687,120
688,508
689,187
690,185
691,690
692,702
693,692
694,117
695,503
696,698
697,129
698,124
699,184
700,699
701,702
702,712
703,712
704,699
705,704
706,127
707,183
708,131
709,703
710,6
711,704
712,715
713,7
714,130
715,181
716,717
717,123
718,719
719,812
720,309
721,126
722,128
723,180
724,703
725,499
726,821
727,822
728,729
729,141
730,746
731,730
732,727
733,741
734,741
735,727
736,746
737,736
738,169
739,740
740,142
741,848
742,165
743,742
744,745
745,151
746,150
747,295
748,212
749,153
750,749
751,292
752,154
753,754
754,166
755,158
756,755
757,758
758,167
759,76
760,480
761,1052
762,1330
763,764
764,1078
765,261
766,765
767,1064
768,262
769,770
770,1078
771,772
772,392
773,774
774,784
775,352
776,1194
777,776
778,353
779,778
780,277
781,773
782,785
783,283
784,785
785,409
786,787
787,282
788,447
789,344
790,345
791,9
792,10
793,584
794,585
795,12
796,309
797,178
798,133
799,715
800,799
801,812
802,803
803,816
804,805
805,799
806,176
807,134
808,207
809,177
810,136
811,290
812,175
813,800
814,137
815,816
816,827
817,146
818,819
819,145
820,494
821,174
822,821
823,496
824,822
825,800
826,144
827,173
828,827
829,830
830,209
831,139
832,495
833,172
834,171
835,834
836,588
837,138
838,210
839,170
840,848
841,149
842,590
843,211
844,493
845,152
846,845
847,751
848,165
849,757
850,69
851,562
852,66
853,157
854,855
855,163
856,757
857,856
858,852
859,159
860,78
861,862
862,215
863,485
864,863
865,852
866,161
867,866
868,486
869,68
870,561
871,873
872,758
873,555
874,873
875,489
876,156
877,878
878,551
879,552
880,160
881,487
882,883
883,484
884,885
885,67
886,80
887,554
888,222
889,488
890,220
891,892
892,219
893,560
894,905
895,224
896,553
897,225
898,932
899,905
900,932
901,902
902,221
903,913
904,913
905,558
906,355
907,559
908,909
909,223
910,911
911,550
912,216
913,926
914,926
915,582
916,580
917,217
918,911
919,918
920,921
921,81
922,356
923,921
924,357
925,516
926,544
927,987
928,927
929,226
930,933
931,933
932,543
933,940
934,935
935,940
936,916
937,546
938,229
939,938
940,549
941,230
942,482
943,581
944,557
945,566
946,945
947,963
948,947
949,545
950,987
951,950
952,231
953,515
954,953
955,968
956,955
957,916
958,363
959,958
960,542
961,962
962,233
963,232
964,968
965,973
966,514
967,462
968,548
969,358
970,971
971,973
972,974
973,974
974,1026
975,976
976,564
977,359
978,361
979,384
980,979
981,989
982,989
983,1026
984,289
985,963
986,389
987,565
988,470
989,1003
990,1003
991,360
992,983
993,471
994,236
995,362
996,995
997,983
998,235
999,234
1000,473
1001,237
1002,1001
1003,537
1004,1005
1005,997
1006,465
1007,469
1008,238
1009,1010
1010,387
1011,1012
1012,240
1013,39
1014,1013
1015,464
1016,364
1017,30
1018,1017
1019,239
1020,1021
1021,1057
1022,539
1023,1022
1024,1007
1025,997
1026,25
1027,25
1028,1029
1029,535
1030,617
1031,1030
1032,468
1033,1087
1034,1033
1035,241
1036,385
1037,82
1038,1037
1039,246
1040,1024
1041,1087
1042,370
1043,538
1044,371
1045,1057
1046,260
1047,533
1048,1049
1049,1044
1050,44
1051,1328
1052,372
1053,475
1054,1052
1055,1054
1056,249
1057,768
1058,478
1059,1060
1060,768
1061,251
1062,1063
1063,1044
1064,466
1065,536
1066,1070
1067,252
1068,1060
1069,1070
1070,609
1071,1061
1072,1331
1073,479
1074,1061
1075,1071
1076,1074
1077,1064
1078,606
1079,254
1080,1079
1081,253
1082,1081
1083,481
1084,1085
1085,373
1086,74
1087,607
1088,1071
1089,394
1090,450
1091,374
1092,395
1093,264
1094,1083
1095,45
1096,1095
1097,1088
1098,393
1099,608
1100,396
1101,1074
1102,1101
1103,258
1104,451
1105,1088
1106,1333
1107,397
1108,267
1109,1083
1110,1109
1111,1112
1112,266
1113,522
1114,376
1115,75
1116,399
1117,1119
1118,398
1119,452
1120,256
1121,1120
1122,1091
1123,523
1124,1125
1125,1132
1126,1120
1127,400
1128,268
1129,349
1130,1095
1131,1135
1132,378
1133,1123
1134,1133
1135,1119
1136,1123
1137,453
1138,401
1139,377
1140,255
1141,1140
1142,350
1143,270
1144,379
1145,348
1146,454
1147,1091
1148,271
1149,457
1150,525
1151,524
1152,1145
1153,1154
1154,273
1155,1132
1156,402
1157,403
1158,1335
1159,1158
1160,456
1161,458
1162,1145
1163,1164
1164,1152
1165,1166
1166,1176
1167,380
1168,1169
1169,1176
1170,1136
1171,404
1172,272
1173,1136
1174,1171
1175,275
1176,406
1177,459
1178,1171
1179,1178
1180,1152
1181,280
1182,460
1183,784
1184,1183
1185,1186
1186,351
1187,407
1188,1187
1189,278
1190,1189
1191,1178
1192,1191
1193,1197
1194,1189
1195,1197
1196,276
1197,281
1198,773
1199,1200
1200,94
1201,774
1202,285
1203,1194
1204,1203
1205,1203
1206,1205
1207,446
1208,432
1209,448
1210,1204
1211,94
1212,103
1213,1218
1214,1213
1215,1216
1216,100
1217,1212
1218,1225
1219,1225
1220,1209
1221,1208
1222,312
1223,1222
1224,1212
1225,1232
1226,1248
1227,414
1228,1227
1229,100
1230,1229
1231,1248
1232,288
1233,1232
1234,1229
1235,103
1236,1238
1237,313
1238,1237
1239,1238
1240,435
1241,1244
1242,434
1243,1237
1244,1245
1245,1246
1246,436
1247,1244
1248,599
1249,1245
1250,417
1251,418
1252,415
1253,321
1254,304
1255,1246
1256,437
1257,416
1258,318
1259,322
1260,317
1261,419
1262,439
1263,1285
1264,323
1265,1261
1266,316
1267,444
1268,440
1269,438
1270,1285
1271,1261
1272,1273
1273,443
1274,325
1275,1276
1276,1273
1277,1276
1278,531
1279,1280
1280,332
1281,343
1282,1280
1283,429
1284,340
1285,528
1286,421
1287,442
1288,1290
1289,16
1290,530
1291,1290
1292,441
1293,420
1294,569
1295,570
1296,47
1297,329
1298,1297
1299,1304
1300,1297
1301,1300
1302,1304
1303,1300
1304,1303
1305,572
1306,602
1307,604
1308,425
1309,335
1310,573
1311,1312
1312,88
1313,571
1314,603
1315,1303
1316,337
1317,330
1318,622
1319,331
1320,339
1321,84
1322,89
1323,13
1324,14
1325,615
1326,477
1327,1326
1328,1326
1329,250
1330,1329
1331,1329
1332,1334
1333,1334
1334,375
1335,273
